url,label
https://www.amazon.com,0
https://www.google.com,0
https://www.facebook.com,0
https://www.youtube.com,0
https://www.wikipedia.org,0
https://www.reddit.com,0
https://www.github.com,0
https://www.stackoverflow.com,0
https://www.linkedin.com,0
https://www.twitter.com,0
https://www.instagram.com,0
https://www.bank.com,0
https://www.paypal.com,0
https://www.apple.com,0
https://www.microsoft.com,0
https://www.netflix.com,0
https://www.ebay.com,0
https://www.gmail.com,0
https://www.outlook.com,0
https://www.dropbox.com,0
https://www.adobe.com,0
https://www.slack.com,0
https://www.zoom.com,0
https://www.github.io,0
https://www.medium.com,0
https://www.quora.com,0
https://www.producthunt.com,0
https://www.dribbble.com,0
https://www.behance.net,0
https://www.figma.com,0
https://www.notion.so,0
https://www.canva.com,0
https://www.figma.io,0
https://www.jetbrains.com,0
https://www.visualstudio.com,0
https://www.code.visualstudio.com,0
https://www.npm.js.org,0
https://pypi.org,0
https://www.docker.com,0
https://www.kubernetes.io,0
https://www.terraform.io,0
https://www.jenkins.io,0
https://www.hashicorp.com,0
https://www.nomadproject.io,0
https://www.consul.io,0
https://www.vault.io,0
https://www.vault.hashicorp.com,0
https://www.digitalocean.com,0
https://www.heroku.com,0
https://www.vercel.com,0
https://www.netlify.com,0
https://www.aws.amazon.com,0
https://cloud.google.com,0
https://azure.microsoft.com,0
https://www.ibm.com/cloud,0
https://www.oracle.com/cloud,0
https://www.alibabacloud.com,0
https://www.stripe.com,0
https://www.square.com,0
https://www.braintree.com,0
https://www.twilio.com,0
https://www.sendgrid.com,0
https://www.atlassian.com,0
https://www.jira.com,0
https://www.bitbucket.org,0
https://www.confluence.atlassian.com,0
https://www.asana.com,0
https://www.monday.com,0
https://www.trello.com,0
https://www.basecamp.com,0
https://www.clickup.com,0
https://www.hubspot.com,0
https://www.salesforce.com,0
https://www.zoho.com,0
https://www.sugarcrm.com,0
https://www.pipedrive.com,0
https://www.pipedrive.io,0
https://www.freshsales.com,0
https://www.mailchimp.com,0
https://www.activecampaign.com,0
https://www.klaviyo.com,0
https://www.segment.com,0
https://www.amplitude.com,0
https://www.mixpanel.com,0
https://www.heap.com,0
https://www.hotjar.com,0
https://www.fullstory.com,0
https://www.newrelic.com,0
https://www.datadog.com,0
https://www.splunk.com,0
https://www.grafana.com,0
https://www.prometheus.io,0
https://www.elastic.co,0
https://www.kibana.elastic.co,0
https://www.logstash.elastic.co,0
http://verify-account-urgent.tk,1
http://confirm-identity-now.ml,1
http://secure-login-verify.ga,1
http://update-payment-methods.cf,1
https://bank-verification-urgent.pw,1
https://amazon-account-confirm.xyz,1
https://paypal-secuere-login.download,1
https://verify.account.confirm.review,1
https://click-here-prize-winner.cricket,1
https://claim-your-reward-now.stream,1
https://192.168.1.1/admin/login,1
https://10.0.0.1/verify,1
https://172.16.0.1/secure,1
http://verify-account-confirm-urgent.tk/login,1
https://paypal-secure-verify.ml/account.php,1
https://amazon-account-update.ga/login,1
http://bank-security-check.cf/verify,1
https://urgent-action-required.pw/click,1
http://claim-prize-now.xyz/winner,1
http://congratulations-you-won.download/claim,1
http://check-account-status.review/login,1
http://unusual-activity-confirm.cricket/verify,1
http://final-notice-action-now.stream/click,1
http://get-free-money-click.xyz,1
http://wow-unbelievable-money.tk,1
http://secret-wealth-transfer.ml,1
http://instant-riches-await.ga,1
http://million-dollars-validation.cf,1
http://exclusive-offer-urgent.pw/click,1
http://limited-time-click-now.download,1
http://validate-instant-prize.review,1
http://confirm-winnings-claim.cricket,1
http://action-needed-urgent.stream,1
http://validate-confirm-secure.xyz/admin,1
http://login-verify-account-action.tk,1
http://secure-confirm-verify.ml/admin,1
http://update-urgent-action.ga/login,1
http://immediate-verification-pending.cf,1
http://validate-account-now.pw/verify,1
http://secure-signin-immediate.download,1
http://confirm-credentials-urgent.review,1
http://verify-identity-now.cricket/login,1
http://action-required-click.stream/verify,1
https://paypal.verify.secure.xyz,1
https://amazon.confirm.account.tk,1
https://bank.validate.login.ml,1
https://google.signin.verify.ga,1
https://facebook.update.verify.cf,1
https://app---verify---account---now.pw,1
https://paypal-account-secure-verify.download,1
https://amazon-account-confirm-login.review,1
https://bank-account-verify-urgent.cricket,1
https://google-account-validate-now.stream,1
http://a-b-c-click-here.xyz,1
http://x-y-z-verify-urgent.tk,1
http://urgent-verify-click-secure.ml,1
http://validate-now-confirm-action.ga,1
http://click-here-to-verify.cf,1
http://123456789ql3w1e123.pw,1
http://asdfsadfasdfadsfadsf.download,1
http://qwertyuiopasdfghjkl.review,1
http://zxcvbnmasdfghjkqwert.cricket,1
http://poiuytrewqasdfghjkl.stream,1
https://verify.account-now,1
https://confirm.login-urgent,1
https://secure.validate-payment,1
https://urgent.action-required,1
https://immediate.verification-needed,1
http://192-168-1-1.verify.com,1
http://10-0-0-1.secure.login,1
http://172-16-0-1.update.now,1
https://paypal:verify@secure.tk,1
https://amazon:account@confirm.ml,1
https://bank:login@validate.ga,1
http://verify-account-2024@urgent.cf,1
http://login-secure-urgent@validate.pw,1
https://www.amazon-verify.tk,1
https://www.paypal-confirm.ml,1
https://www.bank-secure.ga,1
https://www.google-validate.cf,1
https://www.facebook-update.pw,1
http://site-verify-secure.xyz.tk,1
http://login-confirm-urgent.ml.ga,1
http://account-validate-action.cf.pw,1
https://verify%20account%20now,1
https://confirm%20identity%20urgent,1
https://secure%20payment%20validate,1
https://action%20required%20click,1
https://immediate%20verification%20pending,1
http://click-click-click-verify.tk,1
http://verify-verify-verify-confirm.ml,1
http://update-update-update-now.ga,1
http://urgent-urgent-urgent-action.cf,1
http://secure-secure-secure-login.pw,1
https://verify-account-now-online.xyz,1
https://confirm-payment-urgent-action.download,1
https://secure-login-validate-immediate.review,1
https://update-credentials-now-click.cricket,1
https://claim-prize-confirm-winner.stream,1
http://verify.account.confirm.login.validate.tk,1
http://secure.payment.update.urgent.ml,1
http://action.required.immediate.click.ga,1
https://legitimate-bank.verify-account.xyz,1
https://official-amazon.confirm-login.tk,1
https://real-paypal.secure-validate.ml,1
https://true-google.update-verify.ga,1
https://authentic-facebook.action-required.cf,1
